<?xml version="1.0" encoding="UTF-8" standalone="no" ?>
<toolkitModel xmlns="http://www.ibm.com/xmlns/prod/streams/spl/toolkit" productVersion="4.3.1.1" xmlns:common="http://www.ibm.com/xmlns/prod/streams/spl/common" xmlns:ti="http://www.ibm.com/xmlns/prod/streams/spl/toolkitInfo" xmlns:xsi="http://www.w3.org/2001/XMLSchema-instance">

  <toolkit name="PMMLExample" requiredProductVersion="4.3.1.1" version="1.0.0">
    <description/>
    <uriTable>
      <uri index="1" value="application/PMMLExample.spl"/>
    </uriTable>
    <namespace name="application">
      <compositeOp column="11" line="6" name="PMMLExample" potentialMain="true" uriIndex="1">
        <type column="3" line="15" name="EmploymentType" type="rstring" uriIndex="1"/>
        <type column="3" line="16" name="EducationType" type="rstring" uriIndex="1"/>
        <type column="3" line="17" name="MaritalType" type="rstring" uriIndex="1"/>
        <type column="3" line="18" name="OccupationType" type="rstring" uriIndex="1"/>
        <type column="3" line="19" name="GenderType" type="rstring" uriIndex="1"/>
        <type column="3" line="21" name="Predictors" type="int32 ID, float64 Age, EmploymentType Employment, EducationType Education, MaritalType Marital, OccupationType Occupation, float64 Income, GenderType Gender, float64 Deductions, float64 Hours, rstring IGNORE_Accounts, int32 RISK_Adjustment, int32 TARGET_Adjusted" uriIndex="1"/>
        <type column="3" line="40" name="ScoringResult" type="rstring predictedValue, float64 confidence, map&lt;rstring, float64> probabilities" uriIndex="1"/>
      </compositeOp>
    </namespace>
    <dependency>
      <common:name>com.ibm.streams.pmml</common:name>
      <common:version>2.1.0</common:version>
    </dependency>
    <sabFiles>
      <ti:include path="toolkit.xml" root="toolkitDir"/>
      <ti:include path="impl/java/lib/**" root="toolkitDir"/>
      <ti:include path="impl/java/bin/**" root="toolkitDir"/>
      <ti:include path="impl/bin/**" root="toolkitDir"/>
      <ti:include path="impl/lib/**" root="toolkitDir"/>
      <ti:include path="impl/nl/*.dat" root="toolkitDir"/>
      <ti:include path="etc/**" root="toolkitDir"/>
      <ti:include path="lib/**" root="toolkitDir"/>
      <ti:include path="nl/**" root="toolkitDir"/>
      <ti:include path="opt/**" root="toolkitDir"/>
    </sabFiles>
  </toolkit>

</toolkitModel>
