<?xml version="1.0" encoding="UTF-8" standalone="no" ?><PMML version="4.3" xmlns="http://www.dmg.org/PMML-4_3" xmlns:xsi="http://www.w3.org/2001/XMLSchema"><Header copyright="(C) Copyright IBM Corp. 1994, 2017">
<Application name="IBM SPSS Modeler Common" version="18.1.1.0"/>
<Timestamp>Mon Nov 27 19:39:19 2017</Timestamp>
</Header><DataDictionary numberOfFields="7">
<DataField dataType="double" displayName="AGE" name="AGE" optype="continuous"/>
<DataField dataType="string" displayName="BP" name="BP" optype="categorical">
<Value value="HIGH"/>
<Value value="LOW"/>
<Value value="NORMAL"/>
</DataField>
<DataField dataType="string" displayName="CHOLESTEROL" name="CHOLESTEROL" optype="categorical">
<Extension extender="spss.com" name="flagTypeTrueValue" value="NORMAL"/>
<Value value="HIGH"/>
<Value value="NORMAL"/>
</DataField>
<DataField dataType="string" displayName="DRUG" name="DRUG" optype="categorical">
<Value value="drugA"/>
<Value value="drugB"/>
<Value value="drugC"/>
<Value value="drugX"/>
<Value value="drugY"/>
</DataField>
<DataField dataType="double" displayName="K" name="K" optype="continuous"/>
<DataField dataType="double" displayName="NA" name="NA" optype="continuous"/>
<DataField dataType="string" displayName="SEX" name="SEX" optype="categorical">
<Extension extender="spss.com" name="flagTypeTrueValue" value="M"/>
<Value value="F"/>
<Value value="M"/>
</DataField>
</DataDictionary><TransformationDictionary>
<DerivedField dataType="double" name="AGENorm" optype="continuous">
<NormContinuous field="AGE">
<LinearNorm norm="-1.74805305365714" orig="15"/>
<LinearNorm norm="1.75398871767635" orig="74"/>
</NormContinuous>
</DerivedField>
<DerivedField dataType="double" name="BPValue0" optype="categorical">
<NormDiscrete field="BP" value="HIGH"/>
</DerivedField>
<DerivedField dataType="double" name="BPValue1" optype="categorical">
<NormDiscrete field="BP" value="LOW"/>
</DerivedField>
<DerivedField dataType="double" name="BPValue2" optype="categorical">
<NormDiscrete field="BP" value="NORMAL"/>
</DerivedField>
<DerivedField dataType="double" name="CHOLESTEROLValue0" optype="categorical">
<NormDiscrete field="CHOLESTEROL" value="HIGH"/>
</DerivedField>
<DerivedField dataType="double" name="CHOLESTEROLValue1" optype="categorical">
<NormDiscrete field="CHOLESTEROL" value="NORMAL"/>
</DerivedField>
<DerivedField dataType="double" name="DRUGValue0" optype="categorical">
<NormDiscrete field="DRUG" value="drugA"/>
</DerivedField>
<DerivedField dataType="double" name="DRUGValue1" optype="categorical">
<NormDiscrete field="DRUG" value="drugB"/>
</DerivedField>
<DerivedField dataType="double" name="DRUGValue2" optype="categorical">
<NormDiscrete field="DRUG" value="drugC"/>
</DerivedField>
<DerivedField dataType="double" name="DRUGValue3" optype="categorical">
<NormDiscrete field="DRUG" value="drugX"/>
</DerivedField>
<DerivedField dataType="double" name="DRUGValue4" optype="categorical">
<NormDiscrete field="DRUG" value="drugY"/>
</DerivedField>
<DerivedField dataType="double" name="KNorm" optype="continuous">
<NormContinuous field="K">
<LinearNorm norm="-1.65985380447211" orig="0.020022"/>
<LinearNorm norm="1.72243506588608" orig="0.079788"/>
</NormContinuous>
</DerivedField>
<DerivedField dataType="double" name="NANorm" optype="continuous">
<NormContinuous field="NA">
<LinearNorm norm="-1.68611824605722" orig="0.500169"/>
<LinearNorm norm="1.66828303757114" orig="0.896056"/>
</NormContinuous>
</DerivedField>
<DerivedField dataType="double" name="SEXValue0" optype="categorical">
<NormDiscrete field="SEX" value="F"/>
</DerivedField>
<DerivedField dataType="double" name="SEXValue1" optype="categorical">
<NormDiscrete field="SEX" value="M"/>
</DerivedField>
</TransformationDictionary><NeuralNetwork activationFunction="tanh" algorithmName="MLP" functionName="classification"><Extension extender="spss.com" name="modelID" value="0"/><MiningSchema>
<MiningField importance="0.145463543371403" name="AGE"/>
<MiningField importance="0.218269589983657" name="BP"/>
<MiningField importance="0.0802460816869598" name="CHOLESTEROL"/>
<MiningField importance="0.338794751965898" name="K"/>
<MiningField importance="0.183886593083348" name="NA"/>
<MiningField importance="0.0333394399087344" name="SEX"/>
<MiningField name="DRUG" usageType="predicted"/>
</MiningSchema><ModelExplanation><PredictiveModelQuality dataUsage="training" targetField="DRUG"><ConfusionMatrix><ClassLabels><Array n="5" type="string">"drugA" "drugB" "drugC" "drugX" "drugY"</Array></ClassLabels><Matrix><Array n="5" type="int">23 0 0 0 0</Array><Array n="5" type="int">0 16 0 0 0</Array><Array n="5" type="int">0 0 16 0 0</Array><Array n="5" type="int">0 0 0 54 0</Array><Array n="5" type="int">0 0 0 0 91</Array></Matrix></ConfusionMatrix><LiftData targetFieldDisplayValue="drugA" targetFieldValue="drugA"><ModelLiftGraph><LiftGraph><XCoordinates><Array n="21" type="int">3 13 23 33 43 53 63 73 83 93 103 113 123 133 143 153 163 173 183 193 200</Array></XCoordinates><YCoordinates><Array n="21" type="int">0 0 0 10 10 10 10 10 10 10 10 10 10 10 10 10 10 10 10 10 7</Array></YCoordinates><BoundaryValues><Array n="21" type="real">0.998726722829089 0.99475129509878 0.848457456677726 0.0306121478239249 0.00592333623269967 0.00124528929479921 0.000217888619777594 8.83917462334471e-05 4.67089803915589e-05 2.78129082115357e-05 1.37655786019547e-05 6.12482735702087e-06 3.17557946210877e-06 2.20891787079569e-06 7.74981339160963e-07 4.99673023429099e-07 1.23493779936201e-07 2.01933800044285e-08 4.53398540385677e-09 9.20085666426734e-10 3.14612524259211e-10</Array></BoundaryValues><BoundaryValueMeans><Array n="21" type="real">0.999152219656636 0.997272628459187 0.971992124084843 0.114547705857118 0.0135518845021942 0.00267843304039069 0.000482147747587265 0.000124027496039001 5.92147591426752e-05 3.46412457969256e-05 2.01765399473234e-05 8.81073150851399e-06 4.61285442026119e-06 2.45020319967732e-06 1.41084097424277e-06 6.37609213532074e-07 3.04051639427139e-07 3.6226629835795e-08 9.91627177796667e-09 2.09319551044278e-09 5.52218581156333e-10</Array></BoundaryValueMeans></LiftGraph></ModelLiftGraph></LiftData><LiftData targetFieldDisplayValue="drugB" targetFieldValue="drugB"><ModelLiftGraph><LiftGraph><XCoordinates><Array n="21" type="int">3 13 23 33 43 53 63 73 83 93 103 113 123 133 143 153 163 173 183 193 200</Array></XCoordinates><YCoordinates><Array n="21" type="int">3 10 5 6 3 5 8 10 10 10 10 10 10 10 10 10 10 10 10 10 7</Array></YCoordinates><BoundaryValues><Array n="21" type="real">0.982808898799232 0.862000362598696 0.0113075833398627 0.00322990112271812 0.00144938266465915 0.000836228687127489 0.000227604828204739 7.26452129656227e-05 1.62050360068409e-05 4.83181086108833e-06 2.51285569465683e-06 1.67526803593861e-06 1.09828576567439e-06 5.67197013869571e-07 2.43328737453398e-07 8.92980944589789e-08 5.77220464963929e-08 4.05706519255954e-08 3.13694589358412e-08 1.57119575986554e-08 1.17085684913032e-08</Array></BoundaryValues><BoundaryValueMeans><Array n="21" type="real">0.983880629711205 0.936705699370355 0.266553530575236 0.00589516640003463 0.00198980973400984 0.00104263249415336 0.000397546253361193 0.000100536701734445 5.01533410198992e-05 7.88356494940734e-06 3.47794385937956e-06 2.20706272431836e-06 1.29333729320998e-06 7.54140280483138e-07 4.19665212837591e-07 1.28842263063928e-07 7.12105209992949e-08 4.87081443058999e-08 3.31868579669915e-08 2.06281034499358e-08 1.31645014673187e-08</Array></BoundaryValueMeans></LiftGraph></ModelLiftGraph></LiftData><LiftData targetFieldDisplayValue="drugC" targetFieldValue="drugC"><ModelLiftGraph><LiftGraph><XCoordinates><Array n="21" type="int">3 13 23 33 43 53 63 73 83 93 103 113 123 133 143 153 163 173 183 193 200</Array></XCoordinates><YCoordinates><Array n="21" type="int">3 10 10 10 10 9 9 9 6 6 6 2 10 10 10 10 10 10 10 10 7</Array></YCoordinates><BoundaryValues><Array n="21" type="real">0.998993288733333 0.974525763744301 0.00884758412859884 0.00428228784774385 0.00329996293700874 0.00139966719669157 0.000770483240003949 0.000583947008187537 0.000306906281872184 0.000157564407951934 8.76385981937333e-05 2.18918481745635e-05 9.6148188043418e-06 3.16238018620975e-06 8.99710539893763e-07 2.66152240266356e-07 4.69666112780446e-08 3.46604854592086e-09 3.81781156319967e-10 8.76128922883494e-11 6.06944179132304e-11</Array></BoundaryValues><BoundaryValueMeans><Array n="21" type="real">0.99915859572891 0.989728594681324 0.299206086832426 0.00589729823272225 0.00361314442330101 0.00230246807729914 0.000939201787781812 0.000657021863159204 0.000408644392037109 0.000207131169080738 0.000119598503733976 5.07893881101378e-05 1.35656692026694e-05 4.35946134254915e-06 1.49058675004946e-06 4.32071820283401e-07 1.24172481903894e-07 1.22942084137919e-08 1.40960984258743e-09 1.84479862980425e-10 6.35698771764932e-11</Array></BoundaryValueMeans></LiftGraph></ModelLiftGraph></LiftData><LiftData targetFieldDisplayValue="drugX" targetFieldValue="drugX"><ModelLiftGraph><LiftGraph><XCoordinates><Array n="21" type="int">3 13 23 33 43 53 63 73 83 93 103 113 123 133 143 153 163 173 183 193 200</Array></XCoordinates><YCoordinates><Array n="21" type="int">3 10 10 10 10 10 10 10 10 10 8 8 9 8 6 6 6 6 10 10 7</Array></YCoordinates><BoundaryValues><Array n="21" type="real">0.999936127760449 0.999194703445939 0.998151133919092 0.996132328892931 0.994300905896717 0.910864186503398 0.034860742834671 0.00546968230680869 0.00210048425668834 0.000666493077647558 0.000313422584333573 0.000163568290736742 4.22556281652776e-05 1.70828533316578e-05 7.18744346974243e-06 3.90393829145661e-06 2.09691559239848e-06 3.10528701312391e-07 2.8121962153173e-08 1.37091784009201e-08 1.83188764291483e-09</Array></BoundaryValues><BoundaryValueMeans><Array n="21" type="real">0.9999597205597 0.999505134461155 0.998682042946356 0.997005025195371 0.995444324659865 0.978310341467565 0.19386655014653 0.015303051210429 0.00319763416111347 0.00123023255346987 0.000461719124605502 0.00020913921817832 8.79260442812921e-05 2.65482183619619e-05 9.93205068629295e-06 5.19939759261466e-06 2.77438404727993e-06 7.85149937511625e-07 8.7157008249937e-08 2.16891595208645e-08 4.73147679376104e-09</Array></BoundaryValueMeans></LiftGraph></ModelLiftGraph></LiftData><LiftData targetFieldDisplayValue="drugY" targetFieldValue="drugY"><ModelLiftGraph><LiftGraph><XCoordinates><Array n="21" type="int">3 13 23 33 43 53 63 73 83 93 103 113 123 133 143 153 163 173 183 193 200</Array></XCoordinates><YCoordinates><Array n="21" type="int">3 10 10 10 10 10 10 10 10 10 7 5 1 6 9 10 10 9 10 10 7</Array></YCoordinates><BoundaryValues><Array n="21" type="real">0.999999462062896 0.999998611342213 0.99999477551377 0.999988240929378 0.999982212872224 0.999914902844398 0.999090425108178 0.995539026388289 0.96470684284814 0.0470853511255782 0.00369816015143552 0.00110513453502617 0.000566862770474541 0.000221703560883851 6.05805441227123e-05 2.02308653198226e-05 5.5028319191559e-06 3.54399074610951e-06 1.66193813000444e-06 6.50690741499491e-08 2.8277980413643e-09</Array></BoundaryValues><BoundaryValueMeans><Array n="21" type="real">0.999999491917946 0.999999125759329 0.999996962917493 0.999991374739978 0.999984339039022 0.999953540671444 0.999638908551558 0.997835100344774 0.985243941709284 0.706603382553774 0.0125235638712392 0.00224048748515639 0.000761540101079636 0.000399484293697485 9.456315449369e-05 4.02590063956551e-05 9.90724881144597e-06 4.39139497053641e-06 2.30332013345961e-06 4.93638299875465e-07 2.01607358787064e-08</Array></BoundaryValueMeans></LiftGraph></ModelLiftGraph></LiftData></PredictiveModelQuality></ModelExplanation><NeuralInputs>
<NeuralInput id="0">
<DerivedField dataType="double" optype="continuous">
<FieldRef field="AGENorm"/>
</DerivedField>
</NeuralInput>
<NeuralInput id="1">
<DerivedField dataType="double" optype="continuous">
<FieldRef field="BPValue0"/>
</DerivedField>
</NeuralInput>
<NeuralInput id="2">
<DerivedField dataType="double" optype="continuous">
<FieldRef field="BPValue1"/>
</DerivedField>
</NeuralInput>
<NeuralInput id="3">
<DerivedField dataType="double" optype="continuous">
<FieldRef field="BPValue2"/>
</DerivedField>
</NeuralInput>
<NeuralInput id="4">
<DerivedField dataType="double" optype="continuous">
<FieldRef field="CHOLESTEROLValue0"/>
</DerivedField>
</NeuralInput>
<NeuralInput id="5">
<DerivedField dataType="double" optype="continuous">
<FieldRef field="CHOLESTEROLValue1"/>
</DerivedField>
</NeuralInput>
<NeuralInput id="6">
<DerivedField dataType="double" optype="continuous">
<FieldRef field="KNorm"/>
</DerivedField>
</NeuralInput>
<NeuralInput id="7">
<DerivedField dataType="double" optype="continuous">
<FieldRef field="NANorm"/>
</DerivedField>
</NeuralInput>
<NeuralInput id="8">
<DerivedField dataType="double" optype="continuous">
<FieldRef field="SEXValue0"/>
</DerivedField>
</NeuralInput>
<NeuralInput id="9">
<DerivedField dataType="double" optype="continuous">
<FieldRef field="SEXValue1"/>
</DerivedField>
</NeuralInput>
</NeuralInputs><NeuralLayer numberOfNeurons="7">
<Neuron bias="0.898418321300936" id="10">
<Con from="0" weight="-2.15812393102917"/>
<Con from="1" weight="-0.680522924332931"/>
<Con from="2" weight="0.937467459569057"/>
<Con from="3" weight="0.282580337577886"/>
<Con from="4" weight="0.771206135390782"/>
<Con from="5" weight="0.646727791553545"/>
<Con from="6" weight="-1.04497027142476"/>
<Con from="7" weight="-0.316055872626243"/>
<Con from="8" weight="-0.126335219040856"/>
<Con from="9" weight="1.19695666670525"/>
</Neuron>
<Neuron bias="0.174072873393001" id="11">
<Con from="0" weight="0.579159697186331"/>
<Con from="1" weight="-1.96409573189142"/>
<Con from="2" weight="1.56317346312518"/>
<Con from="3" weight="0.347351663497464"/>
<Con from="4" weight="0.34091793674223"/>
<Con from="5" weight="-0.0957213208507715"/>
<Con from="6" weight="0.399251312423773"/>
<Con from="7" weight="0.0488944936540295"/>
<Con from="8" weight="0.292447813819335"/>
<Con from="9" weight="0.23558833734201"/>
</Neuron>
<Neuron bias="-0.578054477257842" id="12">
<Con from="0" weight="-0.356273575739095"/>
<Con from="1" weight="1.0007933219252"/>
<Con from="2" weight="-0.0586454671431575"/>
<Con from="3" weight="-1.03215362211089"/>
<Con from="4" weight="0.0353570662290902"/>
<Con from="5" weight="-0.559782602886031"/>
<Con from="6" weight="2.6091106712811"/>
<Con from="7" weight="-1.22699626801875"/>
<Con from="8" weight="0.082684919295605"/>
<Con from="9" weight="-0.116690010618379"/>
</Neuron>
<Neuron bias="0.431436273657946" id="13">
<Con from="0" weight="-0.142166982469209"/>
<Con from="1" weight="0.690867737603518"/>
<Con from="2" weight="0.0962008192183645"/>
<Con from="3" weight="-0.104256853366019"/>
<Con from="4" weight="0.167102144876912"/>
<Con from="5" weight="-0.33426261266433"/>
<Con from="6" weight="3.92146386059578"/>
<Con from="7" weight="-2.0392496236134"/>
<Con from="8" weight="0.330793719982166"/>
<Con from="9" weight="-0.105158730264894"/>
</Neuron>
<Neuron bias="-0.190143268001403" id="14">
<Con from="0" weight="-0.197320836707449"/>
<Con from="1" weight="-2.58814202452398"/>
<Con from="2" weight="-0.143347097281063"/>
<Con from="3" weight="1.30518763091224"/>
<Con from="4" weight="-1.10292168059594"/>
<Con from="5" weight="0.581015360212959"/>
<Con from="6" weight="0.793326001099716"/>
<Con from="7" weight="-0.635774588690799"/>
<Con from="8" weight="0.00271200609106542"/>
<Con from="9" weight="0.0514766538775825"/>
</Neuron>
<Neuron bias="-0.68942512919726" id="15">
<Con from="0" weight="0.375832957203356"/>
<Con from="1" weight="-0.534303743872212"/>
<Con from="2" weight="1.20937793528442"/>
<Con from="3" weight="-1.25207905644362"/>
<Con from="4" weight="0.81432283247134"/>
<Con from="5" weight="-0.897903558517177"/>
<Con from="6" weight="-0.0521748570426114"/>
<Con from="7" weight="0.053674318484227"/>
<Con from="8" weight="-0.319243542375559"/>
<Con from="9" weight="-0.274078436889822"/>
</Neuron>
<Neuron bias="-0.611337818931844" id="16">
<Con from="0" weight="-0.607250189991615"/>
<Con from="1" weight="1.15888056858193"/>
<Con from="2" weight="-0.439587007419052"/>
<Con from="3" weight="-1.88502556656911"/>
<Con from="4" weight="0.181186479960777"/>
<Con from="5" weight="-1.28454069118694"/>
<Con from="6" weight="0.70747868219535"/>
<Con from="7" weight="-0.403075855922894"/>
<Con from="8" weight="-0.176658171159627"/>
<Con from="9" weight="0.369740435523336"/>
</Neuron>
</NeuralLayer><NeuralLayer activationFunction="identity" normalizationMethod="softmax" numberOfNeurons="5">
<Neuron bias="-0.863915179570211" id="17">
<Con from="10" weight="0.880538386556706"/>
<Con from="11" weight="-3.32630069799519"/>
<Con from="12" weight="0.632880871494099"/>
<Con from="13" weight="1.43177141460395"/>
<Con from="14" weight="0.758012603981743"/>
<Con from="15" weight="-1.19902367891411"/>
<Con from="16" weight="2.35197739990619"/>
</Neuron>
<Neuron bias="-0.228878749927245" id="18">
<Con from="10" weight="-3.19539808828917"/>
<Con from="11" weight="-1.13945012720221"/>
<Con from="12" weight="0.735167000108978"/>
<Con from="13" weight="0.375064995212839"/>
<Con from="14" weight="-1.48911106210502"/>
<Con from="15" weight="0.370414223457863"/>
<Con from="16" weight="0.876128024696722"/>
</Neuron>
<Neuron bias="-1.01857921301848" id="19">
<Con from="10" weight="0.209541255898173"/>
<Con from="11" weight="2.64859094582649"/>
<Con from="12" weight="1.78956548175192"/>
<Con from="13" weight="1.39762235609659"/>
<Con from="14" weight="-0.196078972259812"/>
<Con from="15" weight="2.75288853691379"/>
<Con from="16" weight="0.10395269814733"/>
</Neuron>
<Neuron bias="0.416931366931862" id="20">
<Con from="10" weight="-0.23037550316256"/>
<Con from="11" weight="1.93770271009585"/>
<Con from="12" weight="-0.930607182586793"/>
<Con from="13" weight="1.31134776673859"/>
<Con from="14" weight="3.55538051096049"/>
<Con from="15" weight="-0.686383284484636"/>
<Con from="16" weight="-2.23715185824068"/>
</Neuron>
<Neuron bias="1.20496800428018" id="21">
<Con from="10" weight="2.34004037138228"/>
<Con from="11" weight="-0.391588673864226"/>
<Con from="12" weight="-1.87134120507157"/>
<Con from="13" weight="-5.02054326813747"/>
<Con from="14" weight="-2.74912915107012"/>
<Con from="15" weight="-0.568895024213592"/>
<Con from="16" weight="-0.179594813439553"/>
</Neuron>
</NeuralLayer><NeuralOutputs>
<NeuralOutput outputNeuron="17">
<DerivedField dataType="double" optype="continuous">
<FieldRef field="DRUGValue0"/>
</DerivedField>
</NeuralOutput>
<NeuralOutput outputNeuron="18">
<DerivedField dataType="double" optype="continuous">
<FieldRef field="DRUGValue1"/>
</DerivedField>
</NeuralOutput>
<NeuralOutput outputNeuron="19">
<DerivedField dataType="double" optype="continuous">
<FieldRef field="DRUGValue2"/>
</DerivedField>
</NeuralOutput>
<NeuralOutput outputNeuron="20">
<DerivedField dataType="double" optype="continuous">
<FieldRef field="DRUGValue3"/>
</DerivedField>
</NeuralOutput>
<NeuralOutput outputNeuron="21">
<DerivedField dataType="double" optype="continuous">
<FieldRef field="DRUGValue4"/>
</DerivedField>
</NeuralOutput>
</NeuralOutputs></NeuralNetwork></PMML>