<?xml version="1.0" encoding="UTF-8"?>
<info:toolkitInfoModel xmlns:common="http://www.ibm.com/xmlns/prod/streams/spl/common" xmlns:info="http://www.ibm.com/xmlns/prod/streams/spl/toolkitInfo">
  <info:identity>
    <info:name>DrugTreatments</info:name>
    <info:description></info:description>
    <info:version>0.0.3</info:version>
    <info:requiredProductVersion>4.3.0.0</info:requiredProductVersion>
  </info:identity>
  <info:dependencies>
    <info:toolkit>
      <common:name>com.ibm.streams.pmml</common:name>
      <common:version>[2.1.0,3.0.0)</common:version>
    </info:toolkit>
  </info:dependencies>
  <info:sabFiles>
    <info:include path="data/**"/>
  </info:sabFiles>
</info:toolkitInfoModel>