<?xml version="1.0" encoding="UTF-8" standalone="no" ?>
<toolkitModel xmlns="http://www.ibm.com/xmlns/prod/streams/spl/toolkit" productVersion="4.3.1.1" xmlns:common="http://www.ibm.com/xmlns/prod/streams/spl/common" xmlns:ti="http://www.ibm.com/xmlns/prod/streams/spl/toolkitInfo" xmlns:xsi="http://www.w3.org/2001/XMLSchema-instance">

  <toolkit name="DrugTreatments" requiredProductVersion="4.3.0.0" version="0.0.3">
    <description/>
    <uriTable>
      <uri index="1" value="sample.pmml/DrugTreatments.spl"/>
    </uriTable>
    <namespace name="sample.pmml">
      <compositeOp column="18" line="27" name="DrugTreatments" potentialMain="true" public="true" uriIndex="1">
        <type column="3" line="32" name="RawPatientData" type="int32 age, rstring sex, rstring bloodPressure, rstring cholesterol, float64 bloodSodiumConcentration, float64 bloodPotassionConcentration" uriIndex="1"/>
        <type column="3" line="42" name="Predictors" type="int32 age, rstring sex, rstring bloodPressure, rstring cholesterol, float64 NA_to_K" uriIndex="1"/>
        <type column="9" line="50" name="ScoringResult" type="boolean success, rstring errorReason, rstring predictedValue, float64 confidence, map&lt;rstring, float64> probability" uriIndex="1"/>
      </compositeOp>
    </namespace>
    <dependency>
      <common:name>com.ibm.streams.pmml</common:name>
      <common:version>[2.1.0,3.0.0)</common:version>
    </dependency>
    <sabFiles>
      <ti:include path="toolkit.xml" root="toolkitDir"/>
      <ti:include path="impl/java/lib/**" root="toolkitDir"/>
      <ti:include path="impl/java/bin/**" root="toolkitDir"/>
      <ti:include path="impl/bin/**" root="toolkitDir"/>
      <ti:include path="impl/lib/**" root="toolkitDir"/>
      <ti:include path="impl/nl/*.dat" root="toolkitDir"/>
      <ti:include path="etc/**" root="toolkitDir"/>
      <ti:include path="lib/**" root="toolkitDir"/>
      <ti:include path="nl/**" root="toolkitDir"/>
      <ti:include path="opt/**" root="toolkitDir"/>
      <ti:include path="data/**" root="toolkitDir"/>
    </sabFiles>
  </toolkit>

</toolkitModel>
