<?xml version="1.0" encoding="UTF-8"?>
<info:toolkitInfoModel xmlns:common="http://www.ibm.com/xmlns/prod/streams/spl/common"
 xmlns:info="http://www.ibm.com/xmlns/prod/streams/spl/toolkitInfo">
 <info:identity>
   <info:name>com.ibm.streamsx.cppws</info:name>
   <info:description>Provides C++ based WebSocket source and sink operators</info:description>
   <info:version>1.0.3</info:version>
   <info:requiredProductVersion>4.2.1.0</info:requiredProductVersion>
 </info:identity>
 <info:dependencies/>
</info:toolkitInfoModel>