<?xml version="1.0" encoding="UTF-8" standalone="no" ?>
<toolkitModel xmlns="http://www.ibm.com/xmlns/prod/streams/spl/toolkit" productVersion="4.3.1.0" xmlns:common="http://www.ibm.com/xmlns/prod/streams/spl/common" xmlns:ti="http://www.ibm.com/xmlns/prod/streams/spl/toolkitInfo" xmlns:xsi="http://www.w3.org/2001/XMLSchema-instance">

  <toolkit name="com.ibm.streamsx.cppws" requiredProductVersion="4.2.1.0" version="1.0.3">
    <description>Provides C++ based WebSocket source and sink operators</description>
    <uriTable>
      <uri index="4" value="com.ibm.streamsx.cppws.op/WebSocketSource/ibmwssource_32.gif"/>
      <uri index="2" value="com.ibm.streamsx.cppws.op/WebSocketSource"/>
      <uri index="3" value="com.ibm.streamsx.cppws.op/WebSocketSource/ibmwssource_16.gif"/>
      <uri index="1" value="com.ibm.streamsx.cppws.op/HttpPost"/>
    </uriTable>
    <namespace name="com.ibm.streamsx.cppws.op">
      <primitiveOp language="Java" modelUriIndex="1" name="HttpPost" public="true">
        <description>This operator sends the incoming tuple's contents to the specified HTTP or HTTPS endpoint via the operator parameter named url. The incoming tuple must have its first attribute with a data type rstring and it must carry string based content that needs be posted to the remote web server. Support for blob data will be added in a future version. This operator is mainly used to test the HTTP(S) feature available in the WebSocketSource operator from  the streamsx.cppws toolkit. If this operator can be useful in other application scenarios, developers can use it as they see fit.</description>
        <parameter expressionMode="Constant" name="vmArg" optional="true" type="rstring">
          <description>
Specifies command-line arguments that are passed to the Java virtual machine that the operator runs within.
</description>
        </parameter>
        <parameter cardinality="1" expressionMode="AttributeFree" name="contentType" optional="true" type="rstring">
          <description>Specify the MIME content type that you want. Default is text/plain.</description>
        </parameter>
        <parameter cardinality="1" expressionMode="AttributeFree" name="logHttpPostActions" optional="true" type="boolean">
          <description>Do you want to log HTTP POST actions to the screen? (Default: false)</description>
        </parameter>
        <parameter cardinality="1" expressionMode="AttributeFree" name="url" optional="false" type="rstring">
          <description>Specify the URL where HTTP POSTs will be made to.</description>
        </parameter>
        <inputPort maxNumPorts="1" minNumPorts="1" optional="false" windowPunctInputMode="Oblivious">
          <description>Receives tuples whose first string based attribute's content will be sent as the HTTP(S) POST content.</description>
          <windowPolicy>NonWindowed</windowPolicy>
        </inputPort>
        <inputPort minNumPorts="0" optional="true" windowPunctInputMode="Oblivious">
          <description>Optional input ports</description>
          <windowPolicy>NonWindowed</windowPolicy>
        </inputPort>
        <outputPort expressionMode="Nonexistent" maxNumPorts="1" minNumPorts="1" optional="false" windowPunctOutputMode="Generating">
          <description>Emits a tuple containing the HTTP POST status code, status message and the response from the remote web server. This tuple's schema should be tuple&lt;int32 statusCode, rstring statusMessage, rstring responseMessage&gt;. Any other matching attributes from the incoming tuple will be forwarded via the output tuple.</description>
        </outputPort>
        <outputPort expressionMode="Nonexistent" minNumPorts="0" optional="true" windowPunctOutputMode="Generating">
          <description>Optional output ports</description>
        </outputPort>
      </primitiveOp>
      <primitiveOp language="Cpp" modelUriIndex="2" name="WebSocketSource" public="true">
        <description>
      The WebSocketSource operator is designed to ingest 
      text (plain text, JSON or XML) or binary data from the remote Websocket clients. 
      One or more remote clients can connect to this operator either via plain Websocket (ws or http) or
      via TLS Websocket (wss or https). For a TLS Websocket, a server side certificate must be
      generated first and the text file available in the etc directory of this toolkit provides 
      useful details on that topic.
      
      This operator provides two output ports. On the first output port, it keeps sending the data
      received from the remote clients. On the second output port, it keeps sending the "End of Client Session"
      signal whenever a remote WebSocket client closes its connection. 
      Please refer to the output port section below.
      
      This operator can also be optionally configured to send an ack back to the remote WebSocket clients after receiving a
      certain number of messages from a given client. This is configured by one of the operator parameters explained below.
      This feature can be used by a remote WebSocket client to wait for an ack after sending a certain number of messages.
      A missing ack can indicate the remote client about a server side network error or an operator crash/error and make that
      remote WebSocket client to retransmit the previously sent, but unacknowledged messages.
            
      This operator can be configured with a Websocket server port number which is optional. If the user of this
      operator doesn't specify a Websocket server port number, then a default port number of 443 will be used.
      
      This operator also provides an option for the client applications to do the HTTP/HTTPS POST for
      sending text based messages (plain text, JSON or XML). If this operator's allowHttpPost parameter is
      set to true, client applications can connect to this operator's HTTP/HTTPS URL endpoint and 
      send their data via HTTP/HTTPS POST. This feature  will be handy for the traditional HTTP(S) based 
      web applications that are not suitable for quick modernization to use WebSocket instead of HTTP(S).
      
      In summary, this operator supports message reception via both WebSocket and HTTP on 
      plain as well as secure endpoints. Users will get a two-in-one benefit from this operator.
      
      Requirements: 
      * Intel RHEL6 or RHEL7 hosts installed with IBM Streams. 
      
      See the samples folder inside this toolkit for a working example that shows how to use this operator.
      
      For a detailed documentation about the operator design, usage patterns and in-depth technical
      details, please refer to the official cppws toolkit documentation available at this URL:
      
      [https://ibmstreams.github.io/streamsx.cppws]
      </description>
        <images>
          <image size="16" uriIndex="3"/>
          <image size="32" uriIndex="4"/>
        </images>
        <outputFunctions name="WebSocketSourceFunctions">
          <function name="AsIs" returnType="T">
            <description>The default function for output attributes. This function assigns the output attribute to the value of the input attribute with the same name.</description>
            <prototype>&lt;any T&gt; T AsIs(T)</prototype>
            <parameter name="__p1" type="T"/>
          </function>
          <function name="getClientSessionId" returnType="uint64">
            <description>Returns an uint64 value indicating the client session id that corresponds to the current output tuple.</description>
            <prototype>uint64 getClientSessionId()</prototype>
          </function>
          <function name="getTupleCnt" returnType="int32">
            <description>Returns an int32 value indicating the total number of output tuples emitted so far as received from a given remote client connection.</description>
            <prototype>int32 getTupleCnt()</prototype>
          </function>
          <function name="getTotalDataBytesReceived" returnType="int32">
            <description>Returns an int32 value indicating the total number of data bytes received so far from a remote client connection.</description>
            <prototype>int32 getTotalDataBytesReceived()</prototype>
          </function>
        </outputFunctions>
        <parameter cardinality="1" expressionMode="AttributeFree" name="tlsPort" optional="true" type="uint32">
          <description>This parameter specifies the WebSocket TLS port number. Default port number is 443.</description>
        </parameter>
        <parameter cardinality="1" expressionMode="AttributeFree" name="certificateFileName" optional="true" type="rstring">
          <description>This parameter specifies the full path of the WebSocket server PEM certificate file name. Default is to read ws-server.pem from the etc sub-directory of the application that is invoking this operator.</description>
        </parameter>
        <parameter cardinality="1" expressionMode="AttributeFree" name="nonTlsEndpointNeeded" optional="true" type="boolean">
          <description>This parameter specifies whether a WebSocket (plain) non-TLS endpoint is needed. (Default is false)</description>
        </parameter>
        <parameter cardinality="1" expressionMode="AttributeFree" name="nonTlsPort" optional="true" type="uint32">
          <description>This parameter specifies the WebSocket (plain) non-TLS port number. Default port number is 80.</description>
        </parameter>
        <parameter cardinality="1" expressionMode="AttributeFree" name="initDelay" optional="true" type="float64">
          <description>This parameter specifies a one time delay in seconds for which this source operator should wait before start generating its first tuple. Default delay is 0.0.</description>
        </parameter>
        <parameter cardinality="1" expressionMode="AttributeFree" name="websocketLiveMetricsUpdateNeeded" optional="true" type="boolean">
          <description>This parameter specifies whether live update for this operator's custom metrics is needed. (Default is true)</description>
        </parameter>
        <parameter cardinality="1" expressionMode="AttributeFree" name="websocketLoggingNeeded" optional="true" type="boolean">
          <description>This parameter specifies whether logging is needed from the WebSocket library. (Default is false)</description>
        </parameter>
        <parameter cardinality="1" expressionMode="AttributeFree" name="wsClientSessionLoggingNeeded" optional="true" type="boolean">
          <description>This parameter specifies whether logging is needed when the remote client session is in progress with this operator. (Default is false)</description>
        </parameter>
        <parameter cardinality="1" expressionMode="AttributeFree" name="websocketStaleConnectionPurgeInterval" optional="true" type="uint32">
          <description>This parameter specifies periodic time interval in seconds during which any stale remote client connection should be purged to free up memory usage. (Default is 3*60*60 seconds)</description>
        </parameter>
        <parameter cardinality="1" expressionMode="AttributeFree" name="ipv6Available" optional="true" type="boolean">
          <description>This parameter indicates whether the ipv6 protocol stack is available in the Linux machine where the IBMVoiceGatewaySource operator is running. (Default is true)</description>
        </parameter>
        <parameter cardinality="1" expressionMode="AttributeFree" name="numberOfMessagesToReceiveBeforeAnAck" optional="true" type="uint32">
          <description>This parameter indicates how many messages are to be received before sending an ack to the remote client. (Default is 0 i.e. no ack sent)</description>
        </parameter>
        <parameter cardinality="1" expressionMode="AttributeFree" name="allowHttpPost" optional="true" type="boolean">
          <description>This parameter indicates whether the client applications are allowed to send data via HTTP(S) POST. (Default is false)</description>
        </parameter>
        <outputPort expressionMode="Expression" maxNumPorts="1" minNumPorts="1" optional="false" windowPunctOutputMode="Free">
          <description>
      	This port produces the output tuples that carry the text or binary data received from 
      	the remote Websocket or HTTP POST client. The schema for this port must either have an attribute named 
      	strData with an rstring data type to hold the received text data or an attribute named
      	blobData with a blob data type to hold the received binary data or both. Remaining attributes can be 
      	of any type based on the needs of the application. This operator is capable of sending out data
		received from multiple WebSocket and HTTP POST clients that can all communicate with this operator at the very same time. 
		Please refer to the custom output functions provided by this operator to query the client session number
		and other client session specific metrics and assign such values to other optional attributes in this
		output port. 
      	
        **There are multiple available output functions**, and output attributes can also be 
        assigned values with any SPL expression that evaluates to the proper type.      	
      	</description>
        </outputPort>
        <outputPort expressionMode="Expression" maxNumPorts="1" minNumPorts="1" optional="false" windowPunctOutputMode="Free">
          <description>
      	This port produces periodic output tuples to give an indication about the end of a 
      	specific WebSocket client session that was in progress moments ago for 
      	the given client session id. The schema for this port must have one  
      	attribute with its correct data type as shown here. 
      	uint64 clientSessionId
      	This source operator will set the appropriate value for this attribute to 
      	indicate which particular WebSocket client  
      	(i.e. session id) just ended the data exchange. Downstream operators can make 
      	use of this "End Of Client Session" signal as they see fit.
      	</description>
        </outputPort>
      </primitiveOp>
    </namespace>
    <sabFiles>
      <ti:include path="toolkit.xml" root="toolkitDir"/>
      <ti:include path="impl/java/lib/**" root="toolkitDir"/>
      <ti:include path="impl/java/bin/**" root="toolkitDir"/>
      <ti:include path="impl/bin/**" root="toolkitDir"/>
      <ti:include path="impl/lib/**" root="toolkitDir"/>
      <ti:include path="impl/nl/*.dat" root="toolkitDir"/>
      <ti:include path="etc/**" root="toolkitDir"/>
      <ti:include path="lib/**" root="toolkitDir"/>
      <ti:include path="nl/**" root="toolkitDir"/>
      <ti:include path="opt/**" root="toolkitDir"/>
    </sabFiles>
  </toolkit>

</toolkitModel>
